{
	"sites": [
    {
		"name": "Aktiv Træning",
        "shortname": "ATR",
		"countries": ["DK", "SE", "NO"],
		"api": {
            "article": "http://aktivtraening.dk/bp_api/v1/contents/contents/article.json"
        },
        "migrated": "false"
	}, 
    {
		"name": "Gør det selv",
        "shortname": "GDS",
		"countries": ["DK", "SE", "NO", "FI"],
		"api": {
            "article": "http://goerdetselv.dk/bp_api/v1/contents/contents/gds_article.json"
        },
        "migrated": "false"
	},
    {
        "name": "National Geographic",
        "shortname": "NAT",
        "countries": ["DK", "SE", "NO", "FI"],
        "api": {
            "article": "http://natgeo.dk/bp_api/v1/contents/contents/ngm_article.json"
        },
        "migrated": "false"
    },
    {
        "name": "Digital Foto",
        "shortname": "DIF",
        "countries": ["DK", "SE", "NO", "FI"],
        "api": {
            "article": "http://digitalfoto.dk/bp_api/v1/contents/contents/dif_article.json"
        },
        "migrated": "false"
    },
    {
        "name": "Komputer for alle",
        "shortname": "KOM",
        "countries": ["DK", "SE", "NO", "FI"],
        "api": {
            "article": "http://komputer.dk/bp_api/v1/contents/contents/kom_article.json"
        },
        "migrated": "false"
    },
    {
        "name": "Illustreret Videnskab",
        "shortname": "ILL",
        "countries": ["DK", "SE", "NO", "FI", "NL"],
        "api": {
            "article": "http://illvid.dk/bp_api/v1/contents/contents/bp_article.json"
        },
        "migrated": "false"
    },
    {
        "name": "Historie",
        "shortname": "HIS",
        "countries": ["DK", "SE", "NO", "FI", "NL"],
        "api": {
            "article": "http://old.historienet.dk/bp_api/v1/contents/contents/his_article.json"
        },
        "migrated": "true"
    },
    {
        "name": "Iform",
        "shortname": "IFO",
        "countries": ["DK", "SE", "NO", "FI"],
        "api": {
            "article": "http://iform.dk/bp_api/v1/contents/contents/ifo_article.json"
        },
        "migrated": "true"
    }
 ]
}